State,County,Hospital
SC,ABBEVILLE,1
LA,ACADIA,6
ID,ADA,11
KY,ADAIR,4
IN,ADAMS,20
VT,ADDISON,1
PR,AGUADILLA,1
PR,AIBONITO,1
SC,AIKEN,1
MN,AITKIN,1
FL,ALACHUA,6
NC,ALAMANCE,1
CA,ALAMEDA,27
CO,ALAMOSA,1
NY,ALBANY,8
VA,ALBEMARLE,4
MS,ALCORN,1
AK,ALEUTIANS WEST,1
NC,ALEXANDER,1
VA,ALEXANDRIA,1
MI,ALGER,1
IA,ALLAMAKEE,1
MI,ALLEGAN,2
NY,ALLEGANY,4
NC,ALLEGHANY,2
PA,ALLEGHENY,32
IN,ALLEN,22
SC,ALLENDALE,1
MI,ALPENA,1
CA,AMADOR,1
AK,ANCHORAGE,9
TN,ANDERSON,8
TX,ANDREWS,1
ME,ANDROSCOGGIN,2
TX,ANGELINA,4
MD,ANNE ARUNDEL,2
MN,ANOKA,2
NC,ANSON,2
NE,ANTELOPE,2
AZ,APACHE,4
IA,APPANOOSE,1
GA,APPLING,1
CO,ARAPAHOE,9
CO,ARCHULETA,1
PR,ARECIBO,2
MI,ARENAC,1
AR,ARKANSAS,2
VA,ARLINGTON,1
PA,ARMSTRONG,1
ME,AROOSTOOK,6
PR,ARROYO,1
LA,ASCENSION,6
NC,ASHE,1
WI,ASHLAND,2
AR,ASHLEY,1
OH,ASHTABULA,5
WA,ASOTIN,1
LA,ASSUMPTION,1
TX,ATASCOSA,1
KS,ATCHISON,2
OH,ATHENS,3
NJ,ATLANTIC,9
OK,ATOKA,1
MS,ATTALA,1
MO,AUDRAIN,1
IA,AUDUBON,1
OH,AUGLAIZE,1
VA,AUGUSTA,1
TX,AUSTIN,1
AL,AUTAUGA,1
NC,AVERY,1
LA,AVOYELLES,3
CO,BACA,1
GA,BACON,1
TX,BAILEY,1
FL,BAKER,3
AL,BALDWIN,6
MD,BALTIMORE,8
MD,BALTIMORE CITY,17
ID,BANNOCK,2
MI,BARAGA,1
KS,BARBER,3
AL,BARBOUR,2
ND,BARNES,1
MA,BARNSTABLE,4
SC,BARNWELL,1
KY,BARREN,1
WI,BARRON,3
GA,BARROW,1
MI,BARRY,3
IN,BARTHOLOMEW,1
KS,BARTON,4
GA,BARTOW,1
TX,BASTROP,1
MO,BATES,1
VA,BATH,1
AR,BAXTER,1
FL,BAY,8
PR,BAYAMON,6
TX,BAYLOR,1
SD,BEADLE,1
ID,BEAR LAKE,1
NC,BEAUFORT,6
LA,BEAUREGARD,2
OK,BEAVER,5
MT,BEAVERHEAD,1
MN,BECKER,1
OK,BECKHAM,2
TN,BEDFORD,3
VA,BEDFORD CITY,1
TX,BEE,1
NH,BELKNAP,1
TX,BELL,12
OH,BELMONT,4
MN,BELTRAMI,2
GA,BEN HILL,1
ID,BENEWAH,1
SD,BENNETT,1
VT,BENNINGTON,1
AR,BENTON,13
MI,BENZIE,1
NJ,BERGEN,10
WV,BERKELEY,2
PA,BERKS,6
MA,BERKSHIRE,4
NM,BERNALILLO,17
MI,BERRIEN,5
NC,BERTIE,1
AK,BETHEL,1
TX,BEXAR,47
AL,BIBB,9
LA,BIENVILLE,1
MT,BIG HORN,4
MN,BIG STONE,2
ID,BINGHAM,3
IA,BLACK HAWK,3
IN,BLACKFORD,1
NC,BLADEN,1
MT,BLAINE,4
PA,BLAIR,5
GA,BLECKLEY,1
TN,BLEDSOE,1
TN,BLOUNT,3
MN,BLUE EARTH,1
MS,BOLIVAR,1
SD,BON HOMME,2
IL,BOND,1
ID,BONNER,1
ID,BONNEVILLE,2
IN,BOONE,14
TX,BOSQUE,1
LA,BOSSIER,5
ND,BOTTINEAU,1
CO,BOULDER,6
ID,BOUNDARY,1
KS,BOURBON,2
TX,BOWIE,6
ND,BOWMAN,1
NE,BOX BUTTE,1
UT,BOX ELDER,2
NE,BOYD,2
KY,BOYLE,1
FL,BRADFORD,5
TN,BRADLEY,3
MI,BRANCH,1
WV,BRAXTON,1
TX,BRAZORIA,5
TX,BRAZOS,6
KY,BREATHITT,1
KY,BRECKINRIDGE,1
IA,BREMER,2
FL,BREVARD,11
TX,BREWSTER,1
MA,BRISTOL,12
MT,BROADWATER,1
NY,BRONX,15
WV,BROOKE,2
SD,BROOKINGS,1
GA,BROOKS,1
NY,BROOME,4
CO,BROOMFIELD,1
FL,BROWARD,28
KS,BROWN,19
SD,BRULE,1
NC,BRUNSWICK,3
OK,BRYAN,1
IA,BUCHANAN,6
PA,BUCKS,10
IA,BUENA VISTA,1
NE,BUFFALO,3
GA,BULLOCH,2
AL,BULLOCK,1
NC,BUNCOMBE,4
IL,BUREAU,2
NC,BURKE,3
ND,BURLEIGH,2
TX,BURLESON,1
NJ,BURLINGTON,9
TX,BURNET,2
WI,BURNETT,1
NE,BURT,1
AL,BUTLER,21
ID,BUTTE,8
GA,BUTTS,1
NC,CABARRUS,2
WV,CABELL,6
PR,CABO ROJO,1
UT,CACHE,2
LA,CADDO,16
PR,CAGUAS,2
CA,CALAVERAS,1
LA,CALCASIEU,11
NC,CALDWELL,6
VT,CALEDONIA,1
AL,CALHOUN,15
MO,CALLAWAY,2
KY,CALLOWAY,1
WI,CALUMET,1
MD,CALVERT,1
PA,CAMBRIA,4
GA,CAMDEN,14
TX,CAMERON,12
TX,CAMP,1
WY,CAMPBELL,5
OK,CANADIAN,2
GA,CANDLER,1
TN,CANNON,1
ID,CANYON,2
MO,CAPE GIRARDEAU,3
NJ,CAPE MAY,1
WY,CARBON,5
ID,CARIBOU,1
MN,CARLTON,2
PR,CAROLINA,1
GA,CARROLL,16
NV,CARSON CITY,3
MT,CARTER,4
NC,CARTERET,1
MN,CARVER,1
MT,CASCADE,3
KY,CASEY,1
IN,CASS,18
ID,CASSIA,1
TX,CASTRO,1
NC,CATAWBA,2
GA,CATOOSA,1
NY,CATTARAUGUS,2
ND,CAVALIER,1
PR,CAYEY,1
NY,CAYUGA,1
MD,CECIL,2
MO,CEDAR,2
PA,CENTRE,3
IA,CERRO GORDO,2
CO,CHAFFEE,1
TX,CHAMBERS,3
OH,CHAMPAIGN,4
MD,CHARLES,1
SD,CHARLES MIX,2
SC,CHARLESTON,11
MI,CHARLEVOIX,1
FL,CHARLOTTE,4
VA,CHARLOTTESVILLE,1
GA,CHARLTON,1
NE,CHASE,1
NC,CHATHAM,10
GA,CHATTAHOOCHEE,1
GA,CHATTOOGA,1
KS,CHAUTAUQUA,6
NM,CHAVES,3
TN,CHEATHAM,1
WA,CHELAN,4
NY,CHEMUNG,3
NY,CHENANGO,1
AL,CHEROKEE,13
NE,CHERRY,1
VA,CHESAPEAKE,1
NH,CHESHIRE,1
SC,CHESTER,11
VA,CHESTERFIELD,5
NE,CHEYENNE,4
MS,CHICKASAW,2
AR,CHICOT,2
TX,CHILDRESS,1
AL,CHILTON,1
MI,CHIPPEWA,4
MN,CHISAGO,1
VT,CHITTENDEN,1
MS,CHOCTAW,5
MT,CHOUTEAU,2
NC,CHOWAN,1
KY,CHRISTIAN,5
NV,CHURCHILL,1
NM,CIBOLA,2
PR,CIDRA,1
OK,CIMARRON,1
FL,CITRUS,2
OR,CLACKAMAS,4
MS,CLAIBORNE,3
WA,CLALLAM,2
MI,CLARE,1
SC,CLARENDON,2
PA,CLARION,2
IN,CLARK,62
AL,CLARKE,7
OR,CLATSOP,2
IN,CLAY,20
IA,CLAYTON,6
PA,CLEARFIELD,2
MN,CLEARWATER,3
AR,CLEBURNE,1
OH,CLERMONT,1
OK,CLEVELAND,10
GA,CLINCH,1
IN,CLINTON,12
KS,CLOUD,1
MS,COAHOMA,1
OK,COAL,1
GA,COBB,6
AZ,COCHISE,8
TX,COCHRAN,1
TN,COCKE,1
AZ,COCONINO,4
SD,CODINGTON,1
AL,COFFEE,5
KS,COFFEY,2
AL,COLBERT,2
MO,COLE,3
TX,COLEMAN,1
IL,COLES,1
NE,COLFAX,2
SC,COLLETON,1
FL,COLLIER,6
TX,COLLIN,28
TX,COLLINGSWORTH,1
TX,COLORADO,3
GA,COLQUITT,2
FL,COLUMBIA,10
OH,COLUMBIANA,2
NC,COLUMBUS,1
CA,COLUSA,1
TX,COMAL,5
OK,COMANCHE,7
TX,CONCHO,1
LA,CONCORDIA,2
AL,CONECUH,1
CO,CONEJOS,1
CA,CONTRA COSTA,12
WY,CONVERSE,1
AR,CONWAY,1
MN,COOK,75
TX,COOKE,2
MO,COOPER,1
NH,COOS,6
MS,COPIAH,2
SD,CORSON,1
NY,CORTLAND,1
TX,CORYELL,1
OH,COSHOCTON,1
MN,COTTONWOOD,2
AL,COVINGTON,4
GA,COWETA,3
KS,COWLEY,2
WA,COWLITZ,2
OK,CRAIG,1
AR,CRAIGHEAD,6
TX,CRANE,1
NC,CRAVEN,2
MI,CRAWFORD,14
OK,CREEK,3
AL,CRENSHAW,2
GA,CRISP,1
AR,CRITTENDEN,3
WY,CROOK,3
TX,CROSBY,1
AR,CROSS,1
MN,CROW WING,2
TX,CULBERSON,1
PR,CULEBRA,1
AL,CULLMAN,2
VA,CULPEPER,1
KY,CUMBERLAND,23
NE,CUMING,1
NM,CURRY,3
SD,CUSTER,6
OH,CUYAHOGA,29
GA,DADE,1
MN,DAKOTA,3
AL,DALE,1
AL,DALLAS,63
WI,DANE,9
MT,DANIELS,1
VA,DANVILLE,2
NC,DARE,1
OH,DARKE,1
SC,DARLINGTON,2
PA,DAUPHIN,8
NC,DAVIDSON,17
NC,DAVIE,2
IN,DAVIESS,3
IA,DAVIS,6
SD,DAVISON,1
NE,DAWES,1
MT,DAWSON,5
SD,DAY,1
LA,DE SOTO,1
IL,DE WITT,1
TX,DEAF SMITH,2
IN,DEARBORN,2
IN,DECATUR,5
MT,DEER LODGE,2
OH,DEFIANCE,3
IN,DEKALB,22
CA,DEL NORTE,1
IN,DELAWARE,20
MI,DELTA,2
MO,DENT,1
TX,DENTON,18
CO,DENVER,16
IA,DES MOINES,1
OR,DESCHUTES,2
AR,DESHA,2
FL,DESOTO,4
SD,DEUEL,1
OK,DEWEY,2
TX,DEWITT,1
VA,DICKENSON,1
ND,DICKEY,1
MI,DICKINSON,5
TN,DICKSON,1
AK,DILLINGHAM,1
SC,DILLON,1
TX,DIMMIT,1
VA,DINWIDDIE,1
DC,DISTRICT OF COLUMBIA,15
ND,DIVIDE,1
WI,DODGE,5
NM,DONA ANA,6
GA,DOOLY,1
WI,DOOR,1
MD,DORCHESTER,5
GA,DOUGHERTY,2
KS,DOUGLAS,35
AR,DREW,1
IN,DUBOIS,1
IA,DUBUQUE,3
UT,DUCHESNE,2
MA,DUKES,1
NE,DUNDY,1
MO,DUNKLIN,1
WI,DUNN,1
IL,DUPAGE,8
NC,DUPLIN,1
NC,DURHAM,6
NY,DUTCHESS,4
FL,DUVAL,15
TN,DYER,1
CO,EAGLE,1
GA,EARLY,1
LA,EAST BATON ROUGE,23
LA,EAST CARROLL,1
LA,EAST FELICIANA,4
TX,EASTLAND,1
MI,EATON,2
WI,EAU CLAIRE,3
TX,ECTOR,4
NM,EDDY,2
IL,EDGAR,1
NC,EDGECOMBE,1
SC,EDGEFIELD,1
SD,EDMUNDS,1
KS,EDWARDS,1
GA,EFFINGHAM,3
CA,EL DORADO,3
CO,EL PASO,30
GA,ELBERT,1
PA,ELK,1
IN,ELKHART,3
NV,ELKO,2
OK,ELLIS,5
KS,ELLSWORTH,1
AL,ELMORE,3
GA,EMANUEL,1
MI,EMMET,2
ND,EMMONS,1
VA,EMPORIA,1
TX,ERATH,1
PA,ERIE,27
AL,ESCAMBIA,11
MA,ESSEX,34
KY,ESTILL,1
AL,ETOWAH,4
LA,EVANGELINE,2
GA,EVANS,1
AK,FAIRBANKS NORTH STAR,3
VA,FAIRFAX,8
CT,FAIRFIELD,10
PR,FAJARDO,2
SD,FALL RIVER,3
MT,FALLON,1
TX,FALLS,1
GA,FANNIN,3
MN,FARIBAULT,1
SD,FAULK,1
AR,FAULKNER,3
VA,FAUQUIER,1
AL,FAYETTE,24
TN,FENTRESS,1
MT,FERGUS,1
WA,FERRY,1
NE,FILLMORE,1
KS,FINNEY,1
TX,FISHER,1
FL,FLAGLER,1
MT,FLATHEAD,3
KY,FLEMING,1
SC,FLORENCE,7
IN,FLOYD,13
WI,FOND DU LAC,4
KS,FORD,2
MS,FORREST,2
NC,FORSYTH,7
TX,FORT BEND,12
ND,FOSTER,1
MA,FRANKLIN,54
VA,FRANKLIN CITY,1
MD,FREDERICK,1
VA,FREDERICKSBURG,2
MN,FREEBORN,1
TX,FREESTONE,1
CO,FREMONT,4
CA,FRESNO,15
TX,FRIO,2
IN,FULTON,26
NE,FURNAS,1
FL,GADSDEN,2
NE,GAGE,2
TX,GAINES,1
VA,GALAX,1
MT,GALLATIN,2
OH,GALLIA,1
TX,GALVESTON,4
NE,GARDEN,1
MT,GARFIELD,8
AR,GARLAND,6
KY,GARRARD,1
MD,GARRETT,1
OK,GARVIN,2
MO,GASCONADE,1
NC,GASTON,2
KS,GEARY,2
OH,GEAUGA,2
ID,GEM,1
MI,GENESEE,7
AL,GENEVA,1
MO,GENTRY,1
MS,GEORGE,1
SC,GEORGETOWN,2
IN,GIBSON,4
AZ,GILA,4
TN,GILES,3
TX,GILLESPIE,1
GA,GILMER,1
MT,GLACIER,2
MI,GLADWIN,1
CA,GLENN,1
VA,GLOUCESTER,4
GA,GLYNN,2
MI,GOGEBIC,1
TX,GONZALES,1
MN,GOODHUE,4
ID,GOODING,1
GA,GORDON,1
WY,GOSHEN,2
KS,GOVE,1
GA,GRADY,2
NH,GRAFTON,5
KS,GRAHAM,2
CO,GRAND,3
ND,GRAND FORKS,5
MI,GRAND TRAVERSE,1
MT,GRANITE,1
IN,GRANT,20
NC,GRANVILLE,1
MI,GRATIOT,1
KY,GRAVES,1
TX,GRAY,1
WA,GRAYS HARBOR,4
TX,GRAYSON,9
KS,GREELEY,1
KY,GREEN,2
WI,GREEN LAKE,1
WV,GREENBRIER,1
IN,GREENE,23
KY,GREENUP,1
SC,GREENVILLE,12
KS,GREENWOOD,3
OK,GREER,1
TX,GREGG,6
SD,GREGORY,2
MS,GRENADA,1
ND,GRIGGS,1
TX,GRIMES,1
IA,GRUNDY,3
TX,GUADALUPE,2
PR,GUAYAMA,2
OH,GUERNSEY,2
NC,GUILFORD,7
FL,GULF,1
CO,GUNNISON,1
IA,GUTHRIE,1
GA,GWINNETT,6
SD,HAAKON,1
GA,HABERSHAM,1
AL,HALE,3
NC,HALIFAX,3
NE,HALL,4
TN,HAMBLEN,2
IN,HAMILTON,49
MA,HAMPDEN,10
MA,HAMPSHIRE,5
SC,HAMPTON,4
IN,HANCOCK,10
SD,HAND,1
VA,HANOVER,2
TX,HANSFORD,1
GA,HARALSON,1
FL,HARDEE,1
TX,HARDEMAN,3
KY,HARDIN,9
MD,HARFORD,2
KY,HARLAN,2
OK,HARMON,1
NC,HARNETT,2
OR,HARNEY,1
KS,HARPER,3
TX,HARRIS,108
IN,HARRISON,15
VA,HARRISONBURG,1
KY,HART,2
CT,HARTFORD,12
TX,HARTLEY,1
KS,HARVEY,2
OK,HASKELL,3
HI,HAWAII,6
TN,HAWKINS,1
TX,HAYS,4
NC,HAYWOOD,2
TX,HEMPHILL,1
AR,HEMPSTEAD,1
NC,HENDERSON,5
IN,HENDRICKS,2
FL,HENDRY,1
MN,HENNEPIN,12
VA,HENRICO,5
IN,HENRY,11
NY,HERKIMER,1
FL,HERNANDO,5
NC,HERTFORD,1
TN,HICKMAN,1
TX,HIDALGO,17
OH,HIGHLAND,2
FL,HIGHLANDS,3
TX,HILL,3
FL,HILLSBOROUGH,32
MI,HILLSDALE,1
MS,HINDS,9
OH,HOCKING,1
TX,HOCKLEY,1
KS,HODGEMAN,1
NC,HOKE,2
MS,HOLMES,3
NE,HOLT,2
HI,HONOLULU,17
TX,HOOD,1
OR,HOOD RIVER,1
VA,HOPEWELL,1
TX,HOPKINS,2
SC,HORRY,5
AR,HOT SPRING,2
WY,HOT SPRINGS,2
MI,HOUGHTON,2
AL,HOUSTON,9
IN,HOWARD,13
MO,HOWELL,2
MN,HUBBARD,1
NJ,HUDSON,8
CO,HUERFANO,1
OK,HUGHES,2
PR,HUMACAO,3
CA,HUMBOLDT,8
MS,HUMPHREYS,2
TX,HUNT,3
NJ,HUNTERDON,1
PA,HUNTINGDON,1
IN,HUNTINGTON,1
MI,HURON,5
SD,HUTCHINSON,4
LA,IBERIA,3
LA,IBERVILLE,1
IA,IDA,1
ID,IDAHO,2
CA,IMPERIAL,2
AR,INDEPENDENCE,1
FL,INDIAN RIVER,4
PA,INDIANA,1
MI,INGHAM,6
CA,INYO,2
MI,IONIA,2
MI,IOSCO,1
IA,IOWA,2
NC,IREDELL,3
MI,IRON,3
IL,IROQUOIS,1
GA,IRWIN,1
MI,ISABELLA,1
MN,ISANTI,1
WA,ISLAND,2
MN,ITASCA,3
AR,IZARD,1
TX,JACK,2
AL,JACKSON,45
VA,JAMES CITY,3
IN,JASPER,8
IN,JAY,1
GA,JEFF DAVIS,1
AL,JEFFERSON,94
MS,JEFFERSON DAVIS,5
GA,JENKINS,1
IN,JENNINGS,1
SD,JERAULD,1
ID,JEROME,1
IL,JERSEY,1
KS,JEWELL,1
TX,JIM WELLS,1
IL,JO DAVIESS,1
IN,JOHNSON,31
NC,JOHNSTON,2
MS,JONES,6
OR,JOSEPHINE,1
UT,JUAB,1
AK,JUNEAU,2
MI,KALAMAZOO,2
MI,KALKASKA,1
MN,KANABEC,1
WV,KANAWHA,8
MN,KANDIYOHI,1
IL,KANE,6
IL,KANKAKEE,2
TX,KARNES,1
HI,KAUAI,2
TX,KAUFMAN,3
OK,KAY,2
NE,KEARNEY,1
KS,KEARNY,1
NE,KEITH,1
MS,KEMPER,1
AK,KENAI PENINSULA,3
ME,KENNEBEC,8
WI,KENOSHA,3
MI,KENT,12
KY,KENTON,4
IA,KEOKUK,1
CA,KERN,15
TX,KERR,3
SC,KERSHAW,1
AK,KETCHIKAN GATEWAY,1
NE,KIMBALL,1
TX,KIMBLE,1
WA,KING,32
OK,KINGFISHER,1
KS,KINGMAN,1
NY,KINGS,22
SD,KINGSBURY,1
CO,KIOWA,3
CO,KIT CARSON,1
WA,KITSAP,4
WA,KITTITAS,1
MN,KITTSON,1
OR,KLAMATH,1
TX,KLEBERG,1
WA,KLICKITAT,2
IN,KNOX,21
AK,KODIAK ISLAND,1
MN,KOOCHICHING,1
ID,KOOTENAI,4
IN,KOSCIUSKO,2
IA,KOSSUTH,1
WI,LA CROSSE,2
AZ,LA PAZ,2
CO,LA PLATA,2
IL,LA SALLE,7
KS,LABETTE,3
MN,LAC QUI PARLE,2
PA,LACKAWANNA,6
MO,LACLEDE,1
MS,LAFAYETTE,20
LA,LAFOURCHE,3
IN,LAGRANGE,1
IN,LAKE,41
MN,LAKE OF THE WOODS,1
MS,LAMAR,5
TX,LAMB,1
VT,LAMOILLE,1
TX,LAMPASAS,1
PA,LANCASTER,16
NV,LANDER,1
KS,LANE,7
WI,LANGLADE,1
GA,LANIER,1
MI,LAPEER,1
IN,LAPORTE,2
WY,LARAMIE,2
PR,LARES,1
CO,LARIMER,8
CO,LAS ANIMAS,1
CA,LASSEN,1
ID,LATAH,1
OK,LATIMER,2
AL,LAUDERDALE,9
KY,LAUREL,1
GA,LAURENS,3
TX,LAVACA,2
IN,LAWRENCE,16
OK,LE FLORE,1
MN,LE SUEUR,1
NM,LEA,2
MS,LEAKE,1
KS,LEAVENWORTH,3
PA,LEBANON,3
FL,LEE,16
MS,LEFLORE,2
PA,LEHIGH,10
ID,LEMHI,1
MI,LENAWEE,2
NC,LENOIR,1
FL,LEON,5
KY,LESLIE,1
KY,LETCHER,1
FL,LEVY,1
WA,LEWIS,5
MT,LEWIS AND CLARK,3
SC,LEXINGTON,4
MT,LIBERTY,6
OH,LICKING,4
AL,LIMESTONE,4
KS,LINCOLN,35
IA,LINN,6
CT,LITCHFIELD,3
AR,LITTLE RIVER,1
MI,LIVINGSTON,8
TX,LLANO,1
OK,LOGAN,9
OH,LORAIN,8
NM,LOS ALAMOS,1
CA,LOS ANGELES,131
TN,LOUDON,1
VA,LOUDOUN,4
OK,LOVE,1
MS,LOWNDES,4
TX,LUBBOCK,10
OH,LUCAS,15
MI,LUCE,1
GA,LUMPKIN,1
NM,LUNA,1
PA,LUZERNE,8
PA,LYCOMING,4
VA,LYNCHBURG,3
TX,LYNN,1
KS,LYON,7
MI,MACKINAC,1
MI,MACOMB,7
AL,MACON,8
IL,MACOUPIN,2
CA,MADERA,2
AL,MADISON,40
IA,MAHASKA,1
MN,MAHNOMEN,1
OH,MAHONING,10
OK,MAJOR,1
OR,MALHEUR,1
VA,MANASSAS,1
FL,MANATEE,5
PR,MANATI,4
MI,MANISTEE,1
WI,MANITOWOC,2
WI,MARATHON,3
AL,MARENGO,1
AZ,MARICOPA,73
CA,MARIN,4
WI,MARINETTE,1
AL,MARION,50
CA,MARIPOSA,1
SC,MARLBORO,1
MI,MARQUETTE,2
AL,MARSHALL,16
FL,MARTIN,9
VA,MARTINSVILLE,1
MI,MASON,5
IL,MASSAC,1
TX,MATAGORDA,2
AK,MATANUSKA-SUSITNA,1
HI,MAUI,4
TN,MAURY,1
TX,MAVERICK,1
PR,MAYAGUEZ,6
OK,MAYES,1
OK,MCCLAIN,1
MT,MCCONE,1
KY,MCCRACKEN,2
TX,MCCULLOCH,1
OK,MCCURTAIN,1
IL,MCDONOUGH,1
NC,MCDOWELL,2
GA,MCDUFFIE,2
IL,MCHENRY,3
OK,MCINTOSH,3
PA,MCKEAN,2
ND,MCKENZIE,1
NM,MCKINLEY,4
IL,MCLEAN,4
TX,MCLENNAN,5
MN,MCLEOD,2
TN,MCMINN,2
TN,MCNAIRY,1
KS,MCPHERSON,4
KS,MEADE,3
MT,MEAGHER,1
NC,MECKLENBURG,14
MI,MECOSTA,1
TX,MEDINA,4
MN,MEEKER,1
CA,MENDOCINO,3
CA,MERCED,3
KY,MERCER,24
GA,MERIWETHER,3
NE,MERRICK,1
NH,MERRIMACK,4
CO,MESA,4
IN,MIAMI,4
FL,MIAMI-DADE,38
MA,MIDDLESEX,38
MI,MIDLAND,6
PA,MIFFLIN,1
TX,MILAM,2
UT,MILLARD,2
MN,MILLE LACS,1
GA,MILLER,2
IA,MILLS,1
WI,MILWAUKEE,22
MT,MINERAL,3
WV,MINGO,1
ID,MINIDOKA,1
SD,MINNEHAHA,8
AR,MISSISSIPPI,2
MT,MISSOULA,2
KS,MITCHELL,5
AL,MOBILE,7
PR,MOCA,1
CA,MODOC,2
CO,MOFFAT,1
AZ,MOHAVE,5
AL,MONGOMERY,1
NJ,MONMOUTH,8
CA,MONO,1
IA,MONONA,1
WV,MONONGALIA,3
IN,MONROE,28
TX,MONTAGUE,2
MI,MONTCALM,4
CA,MONTEREY,4
CO,MONTEZUMA,1
AL,MONTGOMERY,78
PA,MONTOUR,4
CO,MONTROSE,1
SD,MOODY,1
NC,MOORE,2
LA,MOREHOUSE,3
IN,MORGAN,12
NE,MORRILL,1
KS,MORRIS,11
MN,MORRISON,1
OH,MORROW,2
KS,MORTON,2
ND,MOUNTRAIL,1
MN,MOWER,1
KY,MUHLENBERG,1
OR,MULTNOMAH,12
MN,MURRAY,3
IA,MUSCATINE,1
GA,MUSCOGEE,7
MI,MUSKEGON,3
OH,MUSKINGUM,3
OK,MUSKOGEE,4
MT,MUSSELSHELL,1
TX,NACOGDOCHES,3
NE,NANCE,1
MA,NANTUCKET,1
CA,NAPA,3
NC,NASH,2
NY,NASSAU,14
LA,NATCHITOCHES,2
WY,NATRONA,6
AZ,NAVAJO,6
TX,NAVARRO,1
KY,NELSON,2
NE,NEMAHA,3
KS,NEOSHO,1
MS,NESHOBA,2
KS,NESS,3
CA,NEVADA,2
DE,NEW CASTLE,10
NC,NEW HANOVER,2
CT,NEW HAVEN,10
VA,NEW KENT,1
CT,NEW LONDON,2
NY,NEW YORK,29
MI,NEWAYGO,1
SC,NEWBERRY,1
RI,NEWPORT,2
VA,NEWPORT NEWS,5
MS,NEWTON,8
ID,NEZ PERCE,1
NY,NIAGARA,5
KY,NICHOLAS,2
MN,NICOLLET,1
WY,NIOBRARA,1
IN,NOBLE,2
MN,NOBLES,1
MO,NODAWAY,1
TX,NOLAN,1
AK,NOME,1
MA,NORFOLK,21
MN,NORMAN,1
AK,NORTH SLOPE,1
PA,NORTHAMPTON,4
PA,NORTHUMBERLAND,2
AK,NORTHWEST ARCTIC,1
KS,NORTON,3
GU,NOT AVAILABLE,7
VA,NOTTOWAY,1
OK,NOWATA,1
MS,NOXUBEE,1
NE,NUCKOLLS,1
TX,NUECES,14
NV,NYE,2
IA,O'BRIEN,2
MI,OAKLAND,17
TN,OBION,1
NJ,OCEAN,9
MI,OCEANA,1
TX,OCHILTREE,1
SC,OCONEE,1
WI,OCONTO,2
MI,OGEMAW,1
IL,OGLE,1
KY,OHIO,5
FL,OKALOOSA,6
WA,OKANOGAN,3
FL,OKEECHOBEE,1
OK,OKFUSKEE,1
OK,OKLAHOMA,30
OK,OKMULGEE,4
MS,OKTIBBEHA,1
KY,OLDHAM,2
MN,OLMSTED,3
ID,ONEIDA,10
NY,ONONDAGA,7
NC,ONSLOW,3
NY,ONTARIO,4
MI,ONTONAGON,1
IN,ORANGE,70
SC,ORANGEBURG,2
LA,ORLEANS,17
PR,OROCOVIS,1
OK,OSAGE,2
KS,OSBORNE,1
FL,OSCEOLA,8
NY,OSWEGO,2
CO,OTERO,3
NE,OTOE,3
MI,OTSEGO,3
KS,OTTAWA,7
MN,OTTER TAIL,2
LA,OUACHITA,12
WI,OUTAGAMIE,3
TN,OVERTON,1
KY,OWEN,1
ME,OXFORD,2
WI,OZAUKEE,3
WA,PACIFIC,2
IA,PAGE,5
FL,PALM BEACH,20
IA,PALO ALTO,1
TX,PALO PINTO,1
MS,PANOLA,2
WY,PARK,4
TX,PARKER,2
TX,PARMER,1
FL,PASCO,10
NC,PASQUOTANK,1
NJ,PASSAIC,6
VA,PATRICK,1
OH,PAULDING,3
KS,PAWNEE,4
OK,PAYNE,2
GA,PEACH,3
MS,PEARL RIVER,3
TX,PECOS,2
ND,PEMBINA,1
MO,PEMISCOT,1
WA,PEND OREILLE,1
NC,PENDER,1
SD,PENNINGTON,7
MN,PENNINTON,1
ME,PENOBSCOT,6
IL,PEORIA,4
WI,PEPIN,1
NE,PERKINS,1
MS,PERRY,7
NV,PERSHING,1
NC,PERSON,1
VA,PETERSBURG,3
MO,PETTIS,1
NE,PHELPS,2
PA,PHILADELPHI,1
PA,PHILADELPHIA,34
MT,PHILLIPS,5
IL,PIATT,2
OH,PICKAWAY,1
AL,PICKENS,4
ND,PIERCE,15
AR,PIKE,9
AZ,PIMA,21
AZ,PINAL,6
MN,PINE,3
FL,PINELLAS,18
MN,PIPESTONE,1
ME,PISCATAQUIS,2
CO,PITKIN,1
NC,PITT,1
OK,PITTSBURG,2
CA,PLACER,4
WY,PLATTE,3
CA,PLUMAS,3
MA,PLYMOUTH,9
IA,POCAHONTAS,2
LA,POINTE COUPEE,1
FL,POLK,30
PR,PONCE,6
MT,PONDERA,1
MS,PONTOTOC,4
MN,POPE,2
OH,PORTAGE,2
IN,PORTER,3
VA,PORTSMOUTH,2
OK,POTTAWATOMIE,5
IA,POTTAWATTAMIE,2
PA,POTTER,12
MT,POWELL,1
ID,POWER,1
IA,POWESHIEK,1
MT,PRAIRIE,1
KS,PRATT,1
MS,PRENTISS,1
MI,PRESQUE ISLE,1
WV,PRESTON,2
WI,PRICE,1
VA,PRINCE EDWARD,1
MD,PRINCE GEORGE'S,7
VA,PRINCE WILLIAM,3
RI,PROVIDENCE,15
CO,PROWERS,1
CO,PUEBLO,4
IN,PULASKI,26
OK,PUSHMATAHA,1
FL,PUTNAM,7
NM,QUAY,1
NY,QUEENS,12
MS,QUITMAN,1
GA,RABUN,1
WI,RACINE,4
WV,RALEIGH,3
MN,RAMSEY,7
TX,RANDALL,1
AL,RANDOLPH,10
MS,RANKIN,7
ND,RANSOM,1
LA,RAPIDES,13
MT,RAVALLI,1
KS,RAWLINS,1
MO,RAY,1
TX,REAGAN,2
LA,RED RIVER,3
NE,RED WILLOW,1
MN,REDWOOD,1
TX,REEVES,1
TX,REFUGIO,1
KS,RENO,2
NY,RENSSELAER,3
MN,RENVILLE,2
KS,REPUBLIC,1
MO,REYNOLDS,1
TN,RHEA,1
KS,RICE,2
NE,RICHARDSON,1
SC,RICHLAND,25
GA,RICHMOND,19
VA,RICHMOND CITY,6
KS,RILEY,2
IA,RINGGOLD,2
NM,RIO ARRIBA,1
CO,RIO BLANCO,2
CO,RIO GRANDE,1
IN,RIPLEY,2
CA,RIVERSIDE,24
TN,ROANE,3
VA,ROANOKE,1
VA,ROANOKE CITY,2
SD,ROBERTS,1
TN,ROBERTSON,1
NC,ROBESON,1
WI,ROCK,6
IL,ROCK ISLAND,3
KY,ROCKCASTLE,1
GA,ROCKDALE,1
NC,ROCKINGHAM,9
NY,ROCKLAND,4
TX,ROCKWALL,3
OK,ROGER MILLS,1
OK,ROGERS,2
ND,ROLETTE,2
KS,ROOKS,1
MT,ROOSEVELT,4
MN,ROSEAU,1
MT,ROSEBUD,1
OH,ROSS,2
CO,ROUTT,1
NC,ROWAN,3
TX,RUNNELS,2
IN,RUSH,2
WI,RUSK,2
KS,RUSSELL,5
TN,RUTHERFORD,6
VT,RUTLAND,1
LA,SABINE,2
IA,SAC,1
CA,SACRAMENTO,19
MI,SAGINAW,8
LA,SAINT BERNARD,1
WI,SAINT CROIX,1
VA,SALEM,4
IL,SALINE,10
UT,SALT LAKE,24
NC,SAMPSON,1
TX,SAN AUGUSTINE,1
CA,SAN BENITO,2
CA,SAN BERNARDINO,32
CA,SAN DIEGO,37
CA,SAN FRANCISCO,18
PR,SAN GERMAN,2
CA,SAN JOAQUIN,10
PR,SAN JUAN,31
CA,SAN LUIS OBISPO,6
CA,SAN MATEO,11
NM,SAN MIGUEL,2
TX,SAN PATRICIO,1
MT,SANDERS,1
NM,SANDOVAL,2
OH,SANDUSKY,3
IL,SANGAMON,4
MI,SANILAC,3
UT,SANPETE,2
CA,SANTA BARBARA,9
CA,SANTA CLARA,17
CA,SANTA CRUZ,6
NM,SANTA FE,3
FL,SANTA ROSA,5
FL,SARASOTA,7
NY,SARATOGA,2
NE,SARPY,3
WI,SAUK,4
NE,SAUNDERS,1
WI,SAWYER,1
NY,SCHENECTADY,4
TX,SCHLEICHER,1
NY,SCHOHARIE,1
MI,SCHOOLCRAFT,2
IL,SCHUYLER,2
PA,SCHUYLKILL,3
OH,SCIOTO,2
NC,SCOTLAND,2
IN,SCOTT,15
NE,SCOTTS BLUFF,1
GA,SCREVEN,1
TX,SCURRY,1
AR,SEBASTIAN,7
KS,SEDGWICK,14
FL,SEMINOLE,7
OH,SENECA,4
OK,SEQUOYAH,1
UT,SEVIER,3
KS,SEWARD,2
SD,SHANNON,1
MS,SHARKEY,1
CA,SHASTA,7
WI,SHAWANO,2
KS,SHAWNEE,5
WI,SHEBOYGAN,2
AL,SHELBY,32
VA,SHENANDOAH,1
MN,SHERBURNE,1
KS,SHERIDAN,5
KS,SHERMAN,1
MI,SHIAWASSEE,1
ID,SHOSHONE,1
MN,SIBLEY,1
CA,SIERRA,2
MT,SILVER BOW,2
MS,SIMPSON,3
IA,SIOUX,7
CA,SISKIYOU,2
AK,SITKA,2
WA,SKAGIT,3
MS,SMITH,13
VA,SMYTH,3
WA,SNOHOMISH,8
NM,SOCORRO,1
CA,SOLANO,7
MD,SOMERSET,11
TX,SOMERVELL,1
CA,SONOMA,12
GA,SPALDING,1
SC,SPARTANBURG,6
SD,SPINK,1
WA,SPOKANE,10
VA,SPOTSYLVANIA,1
IN,ST JOSEPH,1
LA,ST. BERNARD,1
LA,ST. CHARLES,8
AL,ST. CLAIR,10
WI,ST. CROIX,4
AR,ST. FRANCIS,1
MO,ST. FRANCOIS,4
LA,ST. HELENA,1
LA,ST. JAMES,2
LA,ST. JOHN THE BAPTIST,1
FL,ST. JOHNS,1
IN,ST. JOSEPH,8
LA,ST. LANDRY,6
NY,ST. LAWRENCE,5
MN,ST. LOUIS,30
MO,ST. LOUIS CITY,15
FL,ST. LUCIE,6
LA,ST. MARTIN,2
LA,ST. MARY,2
MD,ST. MARY'S,1
LA,ST. TAMMANY,15
VA,STAFFORD,2
CA,STANISLAUS,12
NC,STANLY,1
KS,STANTON,1
ND,STARK,10
IN,STARKE,1
TX,STARR,1
VA,STAUNTON,2
MO,STE. GENEVIEVE,1
MN,STEARNS,5
MN,STEELE,1
GA,STEPHENS,3
IL,STEPHENSON,1
IN,STEUBEN,7
KS,STEVENS,4
GA,STEWART,1
MT,STILLWATER,1
MO,STODDARD,1
NC,STOKES,1
MS,STONE,2
TX,STONEWALL,1
IA,STORY,4
NH,STRAFFORD,2
ND,STUTSMAN,2
MA,SUFFOLK,41
IN,SULLIVAN,10
WV,SUMMERS,1
OH,SUMMIT,14
KS,SUMNER,5
AL,SUMTER,6
MS,SUNFLOWER,3
NC,SURRY,2
PA,SUSQUEHANNA,3
DE,SUSSEX,5
CA,SUTTER,4
TX,SUTTON,1
FL,SUWANNEE,1
NC,SWAIN,2
MT,SWEET GRASS,1
WY,SWEETWATER,2
MN,SWIFT,2
TX,SWISHER,1
MD,TALBOT,1
AL,TALLADEGA,2
MS,TALLAHATCHIE,1
AL,TALLAPOOSA,2
MO,TANEY,1
LA,TANGIPAHOA,10
NM,TAOS,1
TX,TARRANT,54
MS,TATE,1
GA,TATTNALL,1
FL,TAYLOR,13
IL,TAZEWELL,4
CA,TEHAMA,1
CO,TELLER,1
LA,TERREBONNE,5
TX,TERRY,1
WY,TETON,3
OK,TEXAS,2
NE,THAYER,1
KS,THOMAS,3
TX,THROCKMORTON,1
NE,THURSTON,4
GA,TIFT,1
OR,TILLAMOOK,1
OK,TILLMAN,1
PA,TIOGA,1
MS,TIPPAH,1
IN,TIPPECANOE,7
IN,TIPTON,2
MS,TISHOMINGO,1
TX,TITUS,1
MN,TODD,3
CT,TOLLAND,3
TX,TOM GREEN,4
NY,TOMPKINS,1
UT,TOOELE,1
MT,TOOLE,1
GA,TOOMBS,1
ND,TOWNER,1
GA,TOWNS,1
ND,TRAILL,2
NC,TRANSYLVANIA,1
MN,TRAVERSE,1
TX,TRAVIS,28
KS,TREGO,1
WI,TREMPEALEAU,2
KY,TRIGG,1
TX,TRINITY,2
SD,TRIPP,1
GA,TROUP,1
TN,TROUSDALE,1
OH,TRUMBULL,5
CA,TULARE,7
OK,TULSA,23
CA,TUOLUMNE,3
SD,TURNER,1
AL,TUSCALOOSA,7
OH,TUSCARAWAS,3
MI,TUSCOLA,2
ID,TWIN FALLS,2
TX,TYLER,2
WY,UINTA,2
UT,UINTAH,1
NY,ULSTER,3
OR,UMATILLA,4
TN,UNICOI,1
FL,UNION,29
TX,UPSHUR,2
GA,UPSON,1
TX,UPTON,3
UT,UTAH,10
PR,UTUADO,1
TX,UVALDE,1
TX,VAL VERDE,1
AK,VALDEZ-CORDOVA,3
MT,VALLEY,4
MI,VAN BUREN,4
OH,VAN WERT,2
TX,VAN ZANDT,1
NC,VANCE,1
IN,VANDERBURGH,6
PR,VEGA BAJA,1
PA,VENANGO,1
CA,VENTURA,13
LA,VERMILION,5
IN,VERMILLION,1
LA,VERNON,8
TX,VICTORIA,6
PR,VIEQUES,1
IN,VIGO,4
WI,VILAS,1
VA,VIRGINIA BEACH,4
FL,VOLUSIA,9
IN,WABASH,2
MN,WABASHA,1
MN,WADENA,1
OK,WAGONER,1
NC,WAKE,8
ME,WALDO,1
AL,WALKER,2
WA,WALLA WALLA,3
OR,WALLOWA,1
ND,WALSH,2
MS,WALTHALL,1
FL,WALTON,4
WI,WALWORTH,3
IA,WAPELLO,1
ND,WARD,4
GA,WARE,2
IN,WARREN,20
IN,WARRICK,4
UT,WASATCH,1
OR,WASCO,1
MN,WASECA,1
WY,WASHAKIE,1
WI,WASHBURN,3
AL,WASHINGTON,67
OK,WASHITA,1
NV,WASHOE,14
MI,WASHTENAW,7
NC,WATAUGA,2
MN,WATONWAN,2
WI,WAUKESHA,9
WI,WAUPACA,1
WI,WAUSHARA,1
IN,WAYNE,45
TN,WEAKLEY,2
TX,WEBB,6
UT,WEBER,2
MS,WEBSTER,6
CO,WELD,1
IN,WELLS,2
LA,WEST CARROLL,1
LA,WEST FELICIANA,1
NY,WESTCHESTER,18
PA,WESTMORELAND,6
WY,WESTON,1
WV,WETZEL,1
MI,WEXFORD,1
TX,WHARTON,2
WA,WHATCOM,2
MT,WHEATLAND,1
TX,WHEELER,3
IN,WHITE,5
NV,WHITE PINE,1
IL,WHITESIDE,2
GA,WHITFIELD,1
IN,WHITLEY,2
WA,WHITMAN,2
KS,WICHITA,8
MD,WICOMICO,3
TX,WILBARGER,2
AL,WILCOX,1
GA,WILKES,2
MN,WILKIN,1
MS,WILKINSON,2
IL,WILL,4
ND,WILLIAMS,4
VA,WILLIAMSBURG,2
TX,WILLIAMSON,17
KS,WILSON,6
VA,WINCHESTER,2
VT,WINDHAM,5
VT,WINDSOR,3
TX,WINKLER,1
LA,WINN,3
WI,WINNEBAGO,9
IA,WINNESHIEK,1
MN,WINONA,1
MS,WINSTON,4
TX,WISE,4
TX,WOOD,8
IA,WOODBURY,3
IL,WOODFORD,2
OK,WOODS,1
OK,WOODWARD,2
MA,WORCESTER,16
GA,WORTH,1
AK,WRANGELL-PETERSBURG,2
IA,WRIGHT,4
OH,WYANDOT,1
KS,WYANDOTTE,4
NY,WYOMING,2
VA,WYTHE,1
NC,YADKIN,1
WA,YAKIMA,4
MS,YALOBUSHA,1
OR,YAMHILL,2
SD,YANKTON,3
NY,YATES,1
PR,YAUCO,1
AZ,YAVAPAI,5
MS,YAZOO,1
AR,YELL,2
MN,YELLOW MEDICINE,2
MT,YELLOWSTONE,3
TX,YOAKUM,1
CA,YOLO,2
ME,YORK,18
TX,YOUNG,2
CA,YUBA,2
CO,YUMA,4
